-- phpMyAdmin SQL Dump
-- version 4.8.5
-- https://www.phpmyadmin.net/
--
-- Host: 127.0.0.1
-- Generation Time: Oct 17, 2019 at 01:20 PM
-- Server version: 5.7.21
-- PHP Version: 7.1.23

SET SQL_MODE = "NO_AUTO_VALUE_ON_ZERO";
SET AUTOCOMMIT = 0;
START TRANSACTION;
SET time_zone = "+00:00";


/*!40101 SET @OLD_CHARACTER_SET_CLIENT=@@CHARACTER_SET_CLIENT */;
/*!40101 SET @OLD_CHARACTER_SET_RESULTS=@@CHARACTER_SET_RESULTS */;
/*!40101 SET @OLD_COLLATION_CONNECTION=@@COLLATION_CONNECTION */;
/*!40101 SET NAMES utf8mb4 */;

--
-- Database: `PayrollManagementSystem`
--

-- --------------------------------------------------------

--
-- Table structure for table `attendence`
--

CREATE TABLE `attendence` (
  `id` int(11) NOT NULL,
  `logintime` datetime DEFAULT NULL,
  `logouttime` datetime DEFAULT NULL,
  `userinfo_id` int(11) NOT NULL,
  `ipaddress` varchar(45) COLLATE utf8mb4_unicode_ci DEFAULT NULL,
  `workinghours` int(11) DEFAULT NULL
) ENGINE=InnoDB DEFAULT CHARSET=utf8mb4 COLLATE=utf8mb4_unicode_ci;

--
-- Dumping data for table `attendence`
--

INSERT INTO `attendence` (`id`, `logintime`, `logouttime`, `userinfo_id`, `ipaddress`, `workinghours`) VALUES
(5, '2018-12-15 22:55:58', '2018-11-15 18:00:00', 2028, '0:0:0:0:0:0:0:1', 0),
(6, '2018-12-15 22:56:01', '2018-11-15 18:00:00', 2028, '0:0:0:0:0:0:0:1', 0),
(7, '2018-08-15 22:56:05', '2018-11-15 18:00:00', 2028, '0:0:0:0:0:0:0:1', 50),
(8, '2018-08-15 22:56:07', '2018-11-15 18:00:00', 2028, '0:0:0:0:0:0:0:1', 30),
(9, '2018-08-15 22:56:10', '2018-11-15 18:00:00', 2027, '0:0:0:0:0:0:0:1', 111),
(10, '2018-07-15 22:56:12', '2018-11-15 18:00:00', 2018, '0:0:0:0:0:0:0:1', 100),
(11, '2018-06-17 15:11:12', '2018-12-25 21:18:50', 2026, '0:0:0:0:0:0:0:1', 7),
(12, '2018-08-17 15:13:13', '2018-12-25 21:18:50', 2026, '0:0:0:0:0:0:0:1', 7),
(13, '2018-08-17 15:32:43', '2018-12-25 21:18:50', 2026, '0:0:0:0:0:0:0:1', 7),
(14, '2018-08-17 15:34:11', '2018-12-25 21:18:50', 2026, '0:0:0:0:0:0:0:1', 7),
(15, '2018-12-25 20:26:10', '2018-12-25 21:18:50', 2026, '0:0:0:0:0:0:0:1', 7),
(16, '2018-12-25 20:27:44', '2018-12-25 21:18:50', 2026, '0:0:0:0:0:0:0:1', 7),
(17, '2018-12-25 20:27:50', '2018-12-25 21:18:50', 2026, '0:0:0:0:0:0:0:1', 7),
(18, '2018-07-02 16:22:48', '2018-12-25 21:18:50', 2026, '0:0:0:0:0:0:0:1', 0),
(19, '2018-06-08 13:28:17', '2018-12-25 21:18:50', 2026, '0:0:0:0:0:0:0:1', 0),
(20, '2018-07-15 12:39:03', '2018-12-25 21:18:50', 2026, '0:0:0:0:0:0:0:1', 0),
(21, '2018-08-15 12:40:04', '2018-12-25 21:18:50', 2026, '0:0:0:0:0:0:0:1', 0),
(22, '2018-12-15 12:42:26', '2018-12-25 21:18:50', 2026, '0:0:0:0:0:0:0:1', 0),
(23, '2018-11-17 15:18:10', '2018-12-25 21:18:50', 2026, '0:0:0:0:0:0:0:1', 0),
(24, '2018-12-17 20:08:56', '2018-12-25 21:18:50', 2026, '0:0:0:0:0:0:0:1', 0),
(25, '2018-12-17 20:13:05', '2018-12-25 21:18:50', 2026, '0:0:0:0:0:0:0:1', 0),
(26, '2018-12-17 20:22:38', '2018-12-25 21:18:50', 2026, '0:0:0:0:0:0:0:1', 0),
(27, '2018-12-17 20:27:37', '2018-12-25 21:18:50', 2026, '0:0:0:0:0:0:0:1', 0),
(28, '2018-12-17 20:30:03', '2018-12-25 21:18:50', 2026, '0:0:0:0:0:0:0:1', 0),
(29, '2018-12-17 20:30:08', '2018-12-25 21:18:50', 2026, '0:0:0:0:0:0:0:1', 0),
(30, '2018-12-17 20:30:13', '2018-12-25 21:18:50', 2026, '0:0:0:0:0:0:0:1', 0),
(31, '2018-12-22 19:16:46', '2018-12-25 21:18:50', 2026, '0:0:0:0:0:0:0:1', 0),
(32, '2018-11-23 10:42:08', '2018-11-23 14:43:01', 2030, '0:0:0:0:0:0:0:1', 4),
(33, '2018-11-23 10:43:23', '2018-12-23 14:44:05', 2030, '0:0:0:0:0:0:0:1', 123),
(34, '2018-11-10 10:42:08', '2018-11-10 10:42:08', 2030, '0:0:0:0:0:0:0:1', 4),
(35, '2018-11-24 01:20:09', '2018-12-25 21:18:50', 2026, '0:0:0:0:0:0:0:1', 140),
(36, '2018-12-24 19:08:20', '2018-12-25 21:18:50', 2026, '0:0:0:0:0:0:0:1', 0),
(37, '2018-12-24 19:11:48', '2018-12-25 21:18:50', 2026, '0:0:0:0:0:0:0:1', 0),
(38, '2018-12-24 10:16:08', '2018-12-25 21:18:50', 2026, '0:0:0:0:0:0:0:1', 7),
(39, '2018-12-24 11:22:10', '2018-12-25 21:22:43', 2026, '0:0:0:0:0:0:0:1', 6),
(40, '2018-12-27 21:45:28', '2018-12-27 18:00:00', 2026, '0:0:0:0:0:0:0:1', 0);

-- --------------------------------------------------------

--
-- Table structure for table `grade`
--

CREATE TABLE `grade` (
  `id` int(11) NOT NULL,
  `basic` int(11) DEFAULT NULL,
  `medicalallowence` int(11) DEFAULT NULL,
  `houserent` int(11) DEFAULT NULL,
  `transport` int(11) DEFAULT NULL,
  `lunch` int(11) DEFAULT NULL,
  `study` int(11) DEFAULT NULL
) ENGINE=InnoDB DEFAULT CHARSET=utf8mb4 COLLATE=utf8mb4_unicode_ci;

--
-- Dumping data for table `grade`
--

INSERT INTO `grade` (`id`, `basic`, `medicalallowence`, `houserent`, `transport`, `lunch`, `study`) VALUES
(0, 0, 0, 0, 0, 0, 0),
(1233, 22000, 15, 50, 10, 10, 25),
(1234, 16500, 15, 50, 10, 10, 25),
(1235, 14300, 15, 50, 10, 10, 25),
(1236, 9530, 15, 50, 10, 10, 25),
(1237, 8000, 15, 50, 10, 10, 25);

-- --------------------------------------------------------

--
-- Table structure for table `leaveusers`
--

CREATE TABLE `leaveusers` (
  `id` int(11) NOT NULL,
  `reasone` varchar(45) DEFAULT NULL,
  `status` int(11) DEFAULT NULL,
  `leavetype` varchar(45) DEFAULT NULL,
  `userinfo_id` int(11) NOT NULL,
  `entryfrom` datetime DEFAULT NULL,
  `entryto` datetime DEFAULT NULL,
  `total_leave_days` int(11) DEFAULT NULL
) ENGINE=InnoDB DEFAULT CHARSET=latin1;

--
-- Dumping data for table `leaveusers`
--

INSERT INTO `leaveusers` (`id`, `reasone`, `status`, `leavetype`, `userinfo_id`, `entryfrom`, `entryto`, `total_leave_days`) VALUES
(0, 'Sick', 2, 'regular', 0, NULL, NULL, NULL),
(43, 'ssffbg', 1, 'regular', 2028, '2018-10-16 00:00:00', '2018-11-23 00:00:00', 2),
(44, 'dssfs', 2, 'regular', 2028, '2018-11-16 00:00:00', '2018-11-23 00:00:00', 8),
(45, 'hfht', 1, 'regular', 2028, '2018-11-15 00:00:00', '2018-11-16 00:00:00', 2),
(46, 'esksejfd', 2, 'regular', 2026, '2018-11-16 00:00:00', '2018-11-23 00:00:00', 8),
(47, 'smmdlsadksa', 2, 'study', 2026, '2018-11-16 00:00:00', '2018-11-23 00:00:00', 8),
(48, 'fsd', 2, 'regular', 2026, '2018-11-15 00:00:00', '2018-11-16 00:00:00', 2),
(49, 'sgdf', 2, 'regular', 2026, '2018-11-08 00:00:00', '2018-11-15 00:00:00', 8),
(50, 'dgsf', 2, 'regular', 2026, '2018-11-08 00:00:00', '2018-11-22 00:00:00', 15),
(51, '', 2, 'regular', 2026, '2018-11-16 00:00:00', '2018-11-23 00:00:00', 8),
(52, 'ffx', 2, 'regular', 2026, '2018-11-01 00:00:00', '2018-11-16 00:00:00', 16),
(53, 'dbbg', 1, 'regular', 2026, '2018-11-09 00:00:00', '2018-11-15 00:00:00', 7),
(54, 'esfd', 2, 'regular', 2026, '2018-11-01 00:00:00', '2018-11-08 00:00:00', 8),
(55, 'rfesf', 1, 'regular', 2026, '2018-11-15 00:00:00', '2018-11-23 00:00:00', 9),
(56, 'jejfef;', 1, 'study', 2026, '2018-12-08 00:00:00', '2018-12-10 00:00:00', 3),
(57, 'Sick', 2, 'regular', 2026, '2018-12-13 00:00:00', '2018-12-14 00:00:00', 2),
(58, 'I gonna tour', 2, 'regular', 2030, '2018-12-24 00:00:00', '2018-12-25 00:00:00', 2),
(59, 'unfortunately I gonna out of Dhaka.', 1, 'regular', 2031, '2018-12-25 00:00:00', '2018-12-26 00:00:00', 2),
(60, 'I gonna out of Dhaka ', 1, 'regular', 2031, '2018-12-26 00:00:00', '2018-12-26 00:00:00', 1);

-- --------------------------------------------------------

--
-- Table structure for table `loan`
--

CREATE TABLE `loan` (
  `id` int(11) NOT NULL,
  `placedate` datetime NOT NULL,
  `approvedate` datetime DEFAULT NULL,
  `amount` int(11) DEFAULT NULL,
  `status` int(11) DEFAULT NULL,
  `userinfo_id` int(11) NOT NULL,
  `reason` varchar(450) COLLATE utf8mb4_unicode_ci DEFAULT NULL
) ENGINE=InnoDB DEFAULT CHARSET=utf8mb4 COLLATE=utf8mb4_unicode_ci;

--
-- Dumping data for table `loan`
--

INSERT INTO `loan` (`id`, `placedate`, `approvedate`, `amount`, `status`, `userinfo_id`, `reason`) VALUES
(0, '2018-10-08 01:51:51', '2018-10-08 01:51:51', 0, 1, 0, '0'),
(1000, '2018-10-08 01:51:51', '2018-11-08 01:51:51', 81000, 2, 2018, 'medic'),
(1001, '2018-10-08 01:51:51', '2018-10-08 01:51:51', 85000, 1, 2028, 'medic'),
(1008, '2018-11-16 22:02:32', '2018-11-25 20:41:40', 184800, 3, 2026, 'sdasdas'),
(1009, '2018-11-25 21:11:13', '2018-11-25 21:11:52', 138600, 3, 2028, 'qeafsfggfc'),
(1010, '2018-11-25 21:11:59', '2018-11-25 21:12:05', 103950, 1, 2028, 'sdbcbsf'),
(1015, '2018-11-26 01:08:22', '2018-11-26 01:08:27', 138600, 3, 2026, 'ergd'),
(1016, '2018-11-26 01:09:06', '2018-11-26 01:09:11', 138600, 3, 2026, 'jkhjlb'),
(1017, '2018-11-26 01:13:32', '2018-11-26 01:13:42', 184800, 3, 2026, 'fgdb'),
(1018, '2018-11-26 01:14:48', '2018-11-26 01:14:52', 184800, 3, 2026, 'thgdbf'),
(1019, '2018-11-26 01:20:02', '2018-11-26 01:20:08', 184800, 3, 2026, '3rwe'),
(1020, '2018-11-26 01:21:05', '2018-11-26 01:21:13', 184800, 3, 2026, 'dczfcsd'),
(1021, '2018-12-02 16:52:44', '2018-12-02 16:52:50', 184800, 3, 2026, 'frqfrf'),
(1022, '2018-12-08 13:33:45', '2018-12-13 21:17:24', 277200, 1, 2026, 'Study Loan'),
(1023, '2018-12-13 21:31:00', '2018-12-13 21:37:48', 277200, 3, 2026, 'gbrthrt'),
(1024, '2018-12-23 14:48:45', NULL, 138600, NULL, 2030, 'Our company offers education loan to the employee those having sufficient net cash flow to deposit the installments regularly of the following customer segment.'),
(1025, '2018-12-23 14:50:29', '2018-12-26 10:09:10', 138600, 1, 2031, 'Our company offers education loan to the employee those having sufficient net cash flow to deposit the installments regularly of the following customer segment.');

-- --------------------------------------------------------

--
-- Table structure for table `loanpaiddetails`
--

CREATE TABLE `loanpaiddetails` (
  `id` int(11) NOT NULL,
  `datetime` datetime DEFAULT NULL,
  `paidamount` float DEFAULT NULL,
  `loan_id` int(11) NOT NULL
) ENGINE=InnoDB DEFAULT CHARSET=latin1;

--
-- Dumping data for table `loanpaiddetails`
--

INSERT INTO `loanpaiddetails` (`id`, `datetime`, `paidamount`, `loan_id`) VALUES
(1, '2018-10-08 01:51:51', 0, 0),
(44444, '2018-10-08 01:51:51', 80000, 1000),
(44459, '2018-11-16 17:57:45', 1228.5, 1001),
(44473, '2018-11-16 18:18:31', 1000, 1000),
(44474, '2018-11-16 18:18:31', 1228.5, 1001),
(44475, '2018-11-16 18:19:29', 1228.5, 1001),
(44476, '2018-11-16 18:34:10', 1228.5, 1001),
(44477, '2018-11-16 18:35:46', 1228.5, 1001),
(44478, '2018-11-16 18:47:35', 1228.5, 1001),
(44479, '2018-11-16 18:47:50', 2457, 1001),
(44562, '2018-12-13 21:23:00', 2593.5, 1022),
(44564, '2018-12-13 22:05:41', 2593.5, 1022),
(44565, '2018-12-13 22:05:41', 0, 1010),
(44566, '2018-12-19 09:55:02', 0, 1022),
(44567, '2018-12-19 09:55:02', 0, 1010),
(44568, '2018-12-19 10:03:27', 2593.5, 1022),
(44569, '2018-12-19 10:03:27', 0, 1010),
(44570, '2018-12-23 13:56:11', 0, 1010),
(44571, '2018-12-23 16:31:10', 1296.75, 1022),
(44572, '2018-12-23 16:31:10', 0, 1010),
(44573, '2018-12-25 22:20:15', 0, 1022),
(44574, '2018-12-25 22:20:15', 0, 1010),
(44575, '2018-12-25 22:23:04', 2730, 1022),
(44576, '2018-12-25 22:23:04', 0, 1010),
(44577, '2018-12-25 22:24:43', 2730, 1022),
(44578, '2018-12-25 22:24:43', 0, 1010),
(44579, '2018-12-25 22:25:42', 2730, 1022),
(44580, '2018-12-25 22:25:42', 0, 1010),
(44581, '2018-12-27 21:43:48', 2730, 1022),
(44582, '2018-12-27 21:43:48', 0, 1010),
(44583, '2018-12-27 21:43:48', 0, 1025);

-- --------------------------------------------------------

--
-- Table structure for table `salary`
--

CREATE TABLE `salary` (
  `id` int(11) NOT NULL,
  `datemonthyear` datetime DEFAULT NULL,
  `Loan_id` int(11) NOT NULL,
  `grade_id` int(11) NOT NULL,
  `userinfo_id` int(11) NOT NULL,
  `leaveusers_id` int(11) NOT NULL,
  `totalsalary` int(11) DEFAULT NULL
) ENGINE=InnoDB DEFAULT CHARSET=utf8mb4 COLLATE=utf8mb4_unicode_ci;

--
-- Dumping data for table `salary`
--

INSERT INTO `salary` (`id`, `datemonthyear`, `Loan_id`, `grade_id`, `userinfo_id`, `leaveusers_id`, `totalsalary`) VALUES
(2345, '2018-11-16 00:00:00', 0, 0, 0, 0, 0),
(2346, '2018-11-16 02:15:44', 1000, 1233, 2018, 0, 0),
(2347, '2018-11-16 02:15:44', 0, 1233, 2026, 0, 0),
(2348, '2018-11-16 02:15:44', 0, 1235, 2027, 0, 0),
(2349, '2018-11-16 02:15:44', 0, 1234, 2028, 0, 24570),
(2350, '2018-11-16 12:05:25', 1000, 1233, 2018, 0, 0),
(2351, '2018-11-16 12:05:25', 0, 1233, 2026, 0, 0),
(2352, '2018-11-16 12:05:25', 0, 1235, 2027, 0, 0),
(2353, '2018-11-16 12:05:25', 0, 1234, 2028, 0, 24570),
(2354, '2018-11-16 12:09:30', 1000, 1233, 2018, 0, 0),
(2355, '2018-11-16 12:09:30', 0, 1233, 2026, 0, 0),
(2356, '2018-11-16 12:09:30', 0, 1235, 2027, 0, 0),
(2357, '2018-11-16 12:09:30', 0, 1234, 2028, 0, 24570),
(2358, '2018-11-16 14:09:53', 1000, 1233, 2018, 0, 0),
(2359, '2018-11-16 14:09:53', 0, 1233, 2026, 0, 0),
(2360, '2018-11-16 14:09:53', 0, 1235, 2027, 0, 0),
(2361, '2018-11-16 14:09:53', 0, 1234, 2028, 0, 24570),
(2362, '2018-11-16 14:50:04', 1000, 1233, 2018, 0, 0),
(2363, '2018-11-16 14:50:04', 0, 1233, 2026, 0, 0),
(2364, '2018-11-16 14:50:04', 0, 1235, 2027, 0, 0),
(2365, '2018-11-16 14:50:04', 0, 1234, 2028, 0, 24570),
(2366, '2018-11-16 14:55:51', 1000, 1233, 2018, 0, 0),
(2367, '2018-11-16 14:55:51', 0, 1233, 2026, 0, 0),
(2368, '2018-11-16 14:55:51', 0, 1235, 2027, 0, 0),
(2369, '2018-11-16 14:55:51', 0, 1234, 2028, 0, 24570),
(2370, '2018-11-16 14:58:26', 1000, 1233, 2018, 0, 0),
(2371, '2018-11-16 14:58:26', 0, 1233, 2026, 0, 0),
(2372, '2018-11-16 14:58:26', 0, 1235, 2027, 0, 0),
(2373, '2018-11-16 14:58:26', 0, 1234, 2028, 0, 24570),
(2374, '2018-11-16 15:01:32', 1000, 1233, 2018, 0, 0),
(2375, '2018-11-16 15:01:32', 0, 1233, 2026, 0, 0),
(2376, '2018-11-16 15:01:32', 0, 1235, 2027, 0, 0),
(2377, '2018-11-16 15:01:32', 0, 1234, 2028, 0, 24570),
(2378, '2018-11-16 15:09:12', 1000, 1233, 2018, 0, 0),
(2379, '2018-11-16 15:09:12', 0, 1233, 2026, 0, 0),
(2380, '2018-11-16 15:09:12', 0, 1235, 2027, 0, 0),
(2381, '2018-11-16 15:09:12', 0, 1234, 2028, 0, 24570),
(2382, '2018-11-16 15:11:38', 1000, 1233, 2018, 0, 0),
(2383, '2018-11-16 15:11:38', 0, 1233, 2026, 0, 0),
(2384, '2018-11-16 15:11:38', 0, 1235, 2027, 0, 0),
(2385, '2018-11-16 15:11:38', 0, 1234, 2028, 0, 24570),
(2386, '2018-11-16 15:31:50', 1000, 1233, 2018, 0, 37800),
(2387, '2018-11-16 15:31:50', 0, 1233, 2026, 0, 0),
(2388, '2018-11-16 15:31:50', 0, 1235, 2027, 0, 0),
(2389, '2018-11-16 15:31:50', 0, 1234, 2028, 0, 24570),
(2390, '2018-11-16 15:33:51', 1001, 1233, 2018, 0, 37800),
(2391, '2018-11-16 15:33:51', 0, 1233, 2026, 0, 0),
(2392, '2018-11-16 15:33:51', 0, 1235, 2027, 0, 0),
(2393, '2018-11-16 15:33:51', 0, 1234, 2028, 0, 24570),
(2394, '2018-11-16 15:35:24', 1001, 1233, 2018, 0, 37800),
(2395, '2018-11-16 15:35:24', 0, 1233, 2026, 0, 0),
(2396, '2018-11-16 15:35:24', 0, 1235, 2027, 0, 0),
(2397, '2018-11-16 15:35:24', 0, 1234, 2028, 0, 24570),
(2398, '2018-11-16 15:47:30', 1001, 1233, 2018, 0, 37800),
(2399, '2018-11-16 15:47:30', 0, 1233, 2026, 0, 0),
(2400, '2018-11-16 15:47:30', 0, 1235, 2027, 0, 0),
(2401, '2018-11-16 15:47:30', 0, 1234, 2028, 0, 24570),
(2402, '2018-11-16 15:57:43', 1001, 1233, 2018, 0, 37800),
(2403, '2018-11-16 15:57:43', 0, 1233, 2026, 0, 0),
(2404, '2018-11-16 15:57:43', 0, 1235, 2027, 0, 29925),
(2405, '2018-11-16 15:57:43', 0, 1234, 2028, 0, 24570),
(2406, '2018-11-16 15:59:20', 1000, 1233, 2018, 0, 37800),
(2407, '2018-11-16 15:59:20', 0, 1233, 2026, 0, 0),
(2408, '2018-11-16 15:59:20', 0, 1235, 2027, 0, 29925),
(2409, '2018-11-16 15:59:20', 1001, 1234, 2028, 0, 24570),
(2410, '2018-11-16 16:09:51', 1000, 1233, 2018, 0, 37800),
(2411, '2018-11-16 16:09:51', 0, 1233, 2026, 0, 0),
(2412, '2018-11-16 16:09:51', 0, 1235, 2027, 0, 29925),
(2413, '2018-11-16 16:09:51', 1001, 1234, 2028, 0, 24570),
(2414, '2018-11-16 16:16:24', 1000, 1233, 2018, 0, 37800),
(2415, '2018-11-16 16:16:24', 0, 1233, 2026, 0, 0),
(2416, '2018-11-16 16:16:24', 0, 1235, 2027, 0, 29925),
(2417, '2018-11-16 16:16:24', 1001, 1234, 2028, 0, 24570),
(2418, '2018-11-16 16:19:02', 1000, 1233, 2018, 0, 37800),
(2419, '2018-11-16 16:19:03', 0, 1233, 2026, 0, 0),
(2420, '2018-11-16 16:19:03', 0, 1235, 2027, 0, 29925),
(2421, '2018-11-16 16:19:03', 1001, 1234, 2028, 0, 24570),
(2422, '2018-11-16 16:33:51', 1000, 1233, 2018, 0, 37800),
(2423, '2018-11-16 16:33:51', 0, 1233, 2026, 0, 0),
(2424, '2018-11-16 16:33:51', 0, 1235, 2027, 0, 29925),
(2425, '2018-11-16 16:33:51', 1001, 1234, 2028, 0, 24570),
(2426, '2018-11-16 16:42:45', 1000, 1233, 2018, 0, 37800),
(2427, '2018-11-16 16:42:45', 0, 1233, 2026, 0, 0),
(2428, '2018-11-16 16:42:45', 0, 1235, 2027, 0, 29925),
(2429, '2018-11-16 16:42:45', 1001, 1234, 2028, 0, 24570),
(2430, '2018-11-16 16:50:03', 1000, 1233, 2018, 0, 37800),
(2431, '2018-11-16 16:50:03', 0, 1233, 2026, 0, 0),
(2432, '2018-11-16 16:50:03', 0, 1235, 2027, 0, 29925),
(2433, '2018-11-16 16:50:03', 1001, 1234, 2028, 0, 24570),
(2434, '2018-11-16 16:50:24', 1000, 1233, 2018, 0, 37800),
(2435, '2018-11-16 16:50:24', 0, 1233, 2026, 0, 0),
(2436, '2018-11-16 16:50:24', 0, 1235, 2027, 0, 29925),
(2437, '2018-11-16 16:50:24', 1001, 1234, 2028, 0, 24570),
(2438, '2018-11-16 17:22:33', 1000, 1233, 2018, 0, 37800),
(2439, '2018-11-16 17:22:33', 0, 1233, 2026, 0, 0),
(2440, '2018-11-16 17:22:33', 0, 1235, 2027, 0, 29925),
(2441, '2018-11-16 17:22:33', 1001, 1234, 2028, 0, 24570),
(2442, '2018-11-16 17:26:18', 1000, 1233, 2018, 0, 37800),
(2443, '2018-11-16 17:26:18', 0, 1233, 2026, 0, 0),
(2444, '2018-11-16 17:26:18', 0, 1235, 2027, 0, 29925),
(2445, '2018-11-16 17:26:18', 1001, 1234, 2028, 0, 24570),
(2446, '2018-11-16 17:47:40', 1000, 1233, 2018, 0, 37800),
(2447, '2018-11-16 17:47:40', 0, 1233, 2026, 0, 0),
(2448, '2018-11-16 17:47:40', 0, 1235, 2027, 0, 29925),
(2449, '2018-11-16 17:47:40', 1001, 1234, 2028, 0, 24570),
(2450, '2018-11-16 17:48:28', 1000, 1233, 2018, 0, 37800),
(2451, '2018-11-16 17:48:28', 0, 1233, 2026, 0, 0),
(2452, '2018-11-16 17:48:28', 0, 1235, 2027, 0, 29925),
(2453, '2018-11-16 17:48:28', 1001, 1234, 2028, 0, 24570),
(2454, '2018-11-16 17:57:45', 1000, 1233, 2018, 0, 37800),
(2455, '2018-11-16 17:57:45', 0, 1233, 2026, 0, 0),
(2456, '2018-11-16 17:57:45', 0, 1235, 2027, 0, 29925),
(2457, '2018-11-16 17:57:45', 1001, 1234, 2028, 0, 24570),
(2458, '2018-11-16 18:00:46', 1000, 1233, 2018, 0, 37800),
(2459, '2018-11-16 18:00:46', 0, 1233, 2026, 0, 0),
(2460, '2018-11-16 18:00:46', 0, 1235, 2027, 0, 29925),
(2461, '2018-11-16 18:00:46', 1001, 1234, 2028, 0, 24570),
(2462, '2018-11-16 18:04:00', 1000, 1233, 2018, 0, 37800),
(2463, '2018-11-16 18:04:00', 0, 1233, 2026, 0, 0),
(2464, '2018-11-16 18:04:00', 0, 1235, 2027, 0, 29925),
(2465, '2018-11-16 18:04:00', 1001, 1234, 2028, 0, 24570),
(2466, '2018-11-16 18:11:07', 1000, 1233, 2018, 0, 37800),
(2467, '2018-11-16 18:11:07', 0, 1233, 2026, 0, 0),
(2468, '2018-11-16 18:11:07', 0, 1235, 2027, 0, 29925),
(2469, '2018-11-16 18:11:07', 1001, 1234, 2028, 0, 24570),
(2470, '2018-11-16 18:11:39', 1000, 1233, 2018, 0, 37800),
(2471, '2018-11-16 18:11:39', 0, 1233, 2026, 0, 0),
(2472, '2018-11-16 18:11:39', 0, 1235, 2027, 0, 29925),
(2473, '2018-11-16 18:11:39', 1001, 1234, 2028, 0, 24570),
(2474, '2018-11-16 18:13:10', 1000, 1233, 2018, 0, 37800),
(2475, '2018-11-16 18:13:10', 0, 1233, 2026, 0, 0),
(2476, '2018-11-16 18:13:10', 0, 1235, 2027, 0, 29925),
(2477, '2018-11-16 18:13:10', 1001, 1234, 2028, 0, 24570),
(2478, '2018-11-16 18:15:27', 1000, 1233, 2018, 0, 37800),
(2479, '2018-11-16 18:15:27', 0, 1233, 2026, 0, 0),
(2480, '2018-11-16 18:15:27', 0, 1235, 2027, 0, 29925),
(2481, '2018-11-16 18:15:27', 1001, 1234, 2028, 0, 24570),
(2482, '2018-11-16 18:17:04', 1000, 1233, 2018, 0, 37800),
(2483, '2018-11-16 18:17:04', 0, 1233, 2026, 0, 0),
(2484, '2018-11-16 18:17:04', 0, 1235, 2027, 0, 29925),
(2485, '2018-11-16 18:17:04', 1001, 1234, 2028, 0, 24570),
(2486, '2018-11-16 18:18:31', 1000, 1233, 2018, 0, 37800),
(2487, '2018-11-16 18:18:31', 0, 1233, 2026, 0, 0),
(2488, '2018-11-16 18:18:31', 0, 1235, 2027, 0, 29925),
(2489, '2018-11-16 18:18:31', 1001, 1234, 2028, 0, 24570),
(2490, '2018-11-16 18:19:29', 0, 1233, 2018, 0, 37800),
(2491, '2018-11-16 18:19:29', 0, 1233, 2026, 0, 0),
(2492, '2018-11-16 18:19:29', 0, 1235, 2027, 0, 29925),
(2493, '2018-11-16 18:19:29', 1001, 1234, 2028, 0, 24570),
(2494, '2018-11-16 18:34:10', 0, 1233, 2018, 0, 37800),
(2495, '2018-11-16 18:34:10', 0, 1233, 2026, 0, 0),
(2496, '2018-11-16 18:34:10', 0, 1235, 2027, 0, 29925),
(2497, '2018-11-16 18:34:10', 1001, 1234, 2028, 0, 24570),
(2498, '2018-11-16 18:35:46', 0, 1233, 2018, 0, 37800),
(2499, '2018-11-16 18:35:46', 0, 1233, 2026, 0, 0),
(2500, '2018-11-16 18:35:46', 0, 1235, 2027, 0, 29925),
(2501, '2018-11-16 18:35:46', 1001, 1234, 2028, 0, 24570),
(2502, '2018-11-16 18:47:35', 0, 1233, 2018, 0, 37800),
(2503, '2018-11-16 18:47:35', 0, 1233, 2026, 0, 0),
(2504, '2018-11-16 18:47:35', 0, 1235, 2027, 0, 29925),
(2505, '2018-11-16 18:47:35', 1001, 1234, 2028, 0, 24570),
(2506, '2018-11-16 18:47:50', 0, 1233, 2018, 0, 75600),
(2507, '2018-11-16 18:47:50', 0, 1233, 2026, 0, 0),
(2508, '2018-11-16 18:47:50', 0, 1235, 2027, 0, 59850),
(2509, '2018-11-16 18:47:50', 1001, 1234, 2028, 0, 49140),
(2510, '2018-12-02 13:22:46', 0, 0, 0, 0, 0),
(2511, '2018-12-02 13:22:46', 0, 1233, 2018, 0, 0),
(2512, '2018-12-02 13:22:46', 1020, 1233, 2026, 0, 0),
(2513, '2018-12-02 13:22:46', 0, 1235, 2027, 0, 0),
(2514, '2018-12-02 13:22:46', 1010, 1234, 2028, 0, 0),
(2515, '2018-12-02 13:22:46', 0, 1234, 2029, 0, 0),
(2516, '2018-12-02 13:22:59', 0, 0, 0, 0, 0),
(2517, '2018-12-02 13:22:59', 0, 1233, 2018, 0, 0),
(2518, '2018-12-02 13:22:59', 1020, 1233, 2026, 0, 0),
(2519, '2018-12-02 13:22:59', 0, 1235, 2027, 0, 0),
(2520, '2018-12-02 13:22:59', 1010, 1234, 2028, 0, 0),
(2521, '2018-12-02 13:22:59', 0, 1234, 2029, 0, 0),
(2522, '2018-12-02 13:23:35', 0, 0, 0, 0, 0),
(2523, '2018-12-02 13:23:35', 0, 1233, 2018, 0, 0),
(2524, '2018-12-02 13:23:35', 1020, 1233, 2026, 0, 0),
(2525, '2018-12-02 13:23:35', 0, 1235, 2027, 0, 0),
(2526, '2018-12-02 13:23:35', 1010, 1234, 2028, 0, 0),
(2527, '2018-12-02 13:23:35', 0, 1234, 2029, 0, 0),
(2528, '2018-12-02 13:24:54', 0, 0, 0, 0, 0),
(2529, '2018-12-02 13:24:54', 0, 1233, 2018, 0, 0),
(2530, '2018-12-02 13:24:54', 1020, 1233, 2026, 0, 0),
(2531, '2018-12-02 13:24:54', 0, 1235, 2027, 0, 0),
(2532, '2018-12-02 13:24:54', 1010, 1234, 2028, 0, 0),
(2533, '2018-12-02 13:24:54', 0, 1234, 2029, 0, 0),
(2534, '2018-12-02 15:33:24', 0, 0, 0, 0, 0),
(2535, '2018-12-02 15:33:24', 0, 1233, 2018, 0, 0),
(2536, '2018-12-02 15:33:24', 1020, 1233, 2026, 0, 0),
(2537, '2018-12-02 15:33:24', 0, 1235, 2027, 0, 0),
(2538, '2018-12-02 15:33:24', 1010, 1234, 2028, 0, 0),
(2539, '2018-12-02 15:33:24', 0, 1234, 2029, 0, 0),
(2540, '2018-12-02 15:33:50', 0, 0, 0, 0, 0),
(2541, '2018-12-02 15:33:50', 0, 1233, 2018, 0, 0),
(2542, '2018-12-02 15:33:50', 1020, 1233, 2026, 0, 0),
(2543, '2018-12-02 15:33:50', 0, 1235, 2027, 0, 0),
(2544, '2018-12-02 15:33:50', 1010, 1234, 2028, 0, 0),
(2545, '2018-12-02 15:33:50', 0, 1234, 2029, 0, 0),
(2546, '2018-12-02 15:34:53', 0, 0, 0, 0, 0),
(2547, '2018-12-02 15:34:53', 0, 1233, 2018, 0, 0),
(2548, '2018-12-02 15:34:53', 1020, 1233, 2026, 0, 0),
(2549, '2018-12-02 15:34:53', 0, 1235, 2027, 0, 0),
(2550, '2018-12-02 15:34:53', 1010, 1234, 2028, 0, 0),
(2551, '2018-12-02 15:34:53', 0, 1234, 2029, 0, 0),
(2552, '2018-12-02 15:36:59', 0, 0, 0, 0, 0),
(2553, '2018-12-02 15:36:59', 0, 1233, 2018, 0, 0),
(2554, '2018-12-02 15:36:59', 1020, 1233, 2026, 0, 0),
(2555, '2018-12-02 15:36:59', 0, 1235, 2027, 0, 0),
(2556, '2018-12-02 15:36:59', 1010, 1234, 2028, 0, 0),
(2557, '2018-12-02 15:36:59', 0, 1234, 2029, 0, 0),
(2558, '2018-12-02 15:51:37', 0, 0, 0, 0, 0),
(2559, '2018-12-02 15:51:37', 0, 1233, 2018, 0, 0),
(2560, '2018-12-02 15:51:37', 1020, 1233, 2026, 0, 0),
(2561, '2018-12-02 15:51:37', 0, 1235, 2027, 0, 0),
(2562, '2018-12-02 15:51:37', 1010, 1234, 2028, 0, 0),
(2563, '2018-12-02 15:51:37', 0, 1234, 2029, 0, 0),
(2564, '2018-12-02 15:52:01', 0, 0, 0, 0, 0),
(2565, '2018-12-02 15:52:01', 0, 1233, 2018, 0, 0),
(2566, '2018-12-02 15:52:01', 1020, 1233, 2026, 0, 0),
(2567, '2018-12-02 15:52:01', 0, 1235, 2027, 0, 0),
(2568, '2018-12-02 15:52:01', 1010, 1234, 2028, 0, 0),
(2569, '2018-12-02 15:52:01', 0, 1234, 2029, 0, 0),
(2570, '2018-12-02 15:53:04', 0, 0, 0, 0, 0),
(2571, '2018-12-02 15:53:04', 0, 1233, 2018, 0, 0),
(2572, '2018-12-02 15:53:04', 1020, 1233, 2026, 0, 0),
(2573, '2018-12-02 15:53:04', 0, 1235, 2027, 0, 0),
(2574, '2018-12-02 15:53:04', 1010, 1234, 2028, 0, 0),
(2575, '2018-12-02 15:53:04', 0, 1234, 2029, 0, 0),
(2576, '2018-12-02 15:58:43', 0, 0, 0, 0, 0),
(2577, '2018-12-02 15:58:43', 0, 1233, 2018, 0, 0),
(2578, '2018-12-02 15:58:43', 1020, 1233, 2026, 0, 0),
(2579, '2018-12-02 15:58:43', 0, 1235, 2027, 0, 0),
(2580, '2018-12-02 15:58:43', 1010, 1234, 2028, 0, 0),
(2581, '2018-12-02 15:58:43', 0, 1234, 2029, 0, 0),
(2582, '2018-12-02 16:04:44', 0, 0, 0, 0, 0),
(2583, '2018-12-02 16:04:44', 0, 1233, 2018, 0, 0),
(2584, '2018-12-02 16:04:44', 1020, 1233, 2026, 0, 0),
(2585, '2018-12-02 16:04:44', 0, 1235, 2027, 0, 0),
(2586, '2018-12-02 16:04:44', 1010, 1234, 2028, 0, 0),
(2587, '2018-12-02 16:04:44', 0, 1234, 2029, 0, 0),
(2588, '2018-12-02 16:06:29', 0, 0, 0, 0, 0),
(2589, '2018-12-02 16:06:29', 0, 1233, 2018, 0, 0),
(2590, '2018-12-02 16:06:29', 1020, 1233, 2026, 0, 0),
(2591, '2018-12-02 16:06:29', 0, 1235, 2027, 0, 0),
(2592, '2018-12-02 16:06:29', 1010, 1234, 2028, 0, 0),
(2593, '2018-12-02 16:06:29', 0, 1234, 2029, 0, 0),
(2594, '2018-12-02 16:06:32', 0, 0, 0, 0, 0),
(2595, '2018-12-02 16:06:32', 0, 1233, 2018, 0, 0),
(2596, '2018-12-02 16:06:32', 1020, 1233, 2026, 0, 0),
(2597, '2018-12-02 16:06:32', 0, 1235, 2027, 0, 0),
(2598, '2018-12-02 16:06:32', 1010, 1234, 2028, 0, 0),
(2599, '2018-12-02 16:06:32', 0, 1234, 2029, 0, 0),
(2600, '2018-12-02 16:06:34', 0, 0, 0, 0, 0),
(2601, '2018-12-02 16:06:34', 0, 1233, 2018, 0, 0),
(2602, '2018-12-02 16:06:34', 1020, 1233, 2026, 0, 0),
(2603, '2018-12-02 16:06:34', 0, 1235, 2027, 0, 0),
(2604, '2018-12-02 16:06:34', 1010, 1234, 2028, 0, 0),
(2605, '2018-12-02 16:06:34', 0, 1234, 2029, 0, 0),
(2606, '2018-12-02 16:06:36', 0, 0, 0, 0, 0),
(2607, '2018-12-02 16:06:36', 0, 1233, 2018, 0, 0),
(2608, '2018-12-02 16:06:36', 1020, 1233, 2026, 0, 0),
(2609, '2018-12-02 16:06:36', 0, 1235, 2027, 0, 0),
(2610, '2018-12-02 16:06:36', 1010, 1234, 2028, 0, 0),
(2611, '2018-12-02 16:06:36', 0, 1234, 2029, 0, 0),
(2612, '2018-12-02 16:06:37', 0, 0, 0, 0, 0),
(2613, '2018-12-02 16:06:37', 0, 1233, 2018, 0, 0),
(2614, '2018-12-02 16:06:37', 1020, 1233, 2026, 0, 0),
(2615, '2018-12-02 16:06:37', 0, 1235, 2027, 0, 0),
(2616, '2018-12-02 16:06:37', 1010, 1234, 2028, 0, 0),
(2617, '2018-12-02 16:06:37', 0, 1234, 2029, 0, 0),
(2618, '2018-12-02 16:06:39', 0, 0, 0, 0, 0),
(2619, '2018-12-02 16:06:39', 0, 1233, 2018, 0, 0),
(2620, '2018-12-02 16:06:39', 1020, 1233, 2026, 0, 0),
(2621, '2018-12-02 16:06:39', 0, 1235, 2027, 0, 0),
(2622, '2018-12-02 16:06:39', 1010, 1234, 2028, 0, 0),
(2623, '2018-12-02 16:06:39', 0, 1234, 2029, 0, 0),
(2624, '2018-12-02 16:06:40', 0, 0, 0, 0, 0),
(2625, '2018-12-02 16:06:40', 0, 1233, 2018, 0, 0),
(2626, '2018-12-02 16:06:40', 1020, 1233, 2026, 0, 0),
(2627, '2018-12-02 16:06:40', 0, 1235, 2027, 0, 0),
(2628, '2018-12-02 16:06:40', 1010, 1234, 2028, 0, 0),
(2629, '2018-12-02 16:06:40', 0, 1234, 2029, 0, 0),
(2630, '2018-12-02 16:07:46', 0, 0, 0, 0, 0),
(2631, '2018-12-02 16:07:46', 0, 1233, 2018, 0, 0),
(2632, '2018-12-02 16:07:46', 1020, 1233, 2026, 0, 0),
(2633, '2018-12-02 16:07:46', 0, 1235, 2027, 0, 0),
(2634, '2018-12-02 16:07:46', 1010, 1234, 2028, 0, 0),
(2635, '2018-12-02 16:07:46', 0, 1234, 2029, 0, 0),
(2636, '2018-12-02 16:09:17', 0, 0, 0, 0, 0),
(2637, '2018-12-02 16:09:17', 0, 1233, 2018, 0, 0),
(2638, '2018-12-02 16:09:17', 1020, 1233, 2026, 0, 0),
(2639, '2018-12-02 16:09:17', 0, 1235, 2027, 0, 0),
(2640, '2018-12-02 16:09:17', 1010, 1234, 2028, 0, 0),
(2641, '2018-12-02 16:09:17', 0, 1234, 2029, 0, 0),
(2642, '2018-12-02 16:14:44', 0, 0, 0, 0, 0),
(2643, '2018-12-02 16:14:44', 0, 1233, 2018, 0, 0),
(2644, '2018-12-02 16:14:44', 1020, 1233, 2026, 0, 0),
(2645, '2018-12-02 16:14:44', 0, 1235, 2027, 0, 0),
(2646, '2018-12-02 16:14:44', 1010, 1234, 2028, 0, 0),
(2647, '2018-12-02 16:14:44', 0, 1234, 2029, 0, 0),
(2648, '2018-12-02 16:17:45', 0, 0, 0, 0, 0),
(2649, '2018-12-02 16:17:45', 0, 1233, 2018, 0, 0),
(2650, '2018-12-02 16:17:45', 1020, 1233, 2026, 0, 0),
(2651, '2018-12-02 16:17:45', 0, 1235, 2027, 0, 0),
(2652, '2018-12-02 16:17:45', 1010, 1234, 2028, 0, 0),
(2653, '2018-12-02 16:17:45', 0, 1234, 2029, 0, 0),
(2654, '2018-12-02 16:17:56', 0, 0, 0, 0, 0),
(2655, '2018-12-02 16:17:56', 0, 1233, 2018, 0, 0),
(2656, '2018-12-02 16:17:56', 1020, 1233, 2026, 0, 0),
(2657, '2018-12-02 16:17:56', 0, 1235, 2027, 0, 0),
(2658, '2018-12-02 16:17:56', 1010, 1234, 2028, 0, 0),
(2659, '2018-12-02 16:17:56', 0, 1234, 2029, 0, 0),
(2660, '2018-12-02 16:23:49', 0, 0, 0, 0, 0),
(2661, '2018-12-02 16:23:49', 0, 1233, 2018, 0, 0),
(2662, '2018-12-02 16:23:49', 1020, 1233, 2026, 0, 51870),
(2663, '2018-12-02 16:23:49', 0, 1235, 2027, 0, 0),
(2664, '2018-12-02 16:23:49', 1010, 1234, 2028, 0, 0),
(2665, '2018-12-02 16:23:49', 0, 1234, 2029, 0, 0),
(2666, '2018-12-02 16:30:04', 0, 0, 0, 0, 0),
(2667, '2018-12-02 16:30:04', 0, 1233, 2018, 0, 0),
(2668, '2018-12-02 16:30:04', 1020, 1233, 2026, 0, 51870),
(2669, '2018-12-02 16:30:04', 0, 1235, 2027, 0, 0),
(2670, '2018-12-02 16:30:04', 1010, 1234, 2028, 0, 0),
(2671, '2018-12-02 16:30:04', 0, 1234, 2029, 0, 0),
(2672, '2018-12-02 16:40:58', 0, 0, 0, 0, 0),
(2673, '2018-12-02 16:40:58', 0, 1233, 2018, 0, 0),
(2674, '2018-12-02 16:40:58', 1020, 1233, 2026, 0, 51870),
(2675, '2018-12-02 16:40:58', 0, 1235, 2027, 0, 0),
(2676, '2018-12-02 16:40:58', 1010, 1234, 2028, 0, 0),
(2677, '2018-12-02 16:40:58', 0, 1234, 2029, 0, 0),
(2678, '2018-12-02 16:44:35', 0, 0, 0, 0, 0),
(2679, '2018-12-02 16:44:35', 0, 1233, 2018, 0, 0),
(2680, '2018-12-02 16:44:35', 1020, 1233, 2026, 0, 51870),
(2681, '2018-12-02 16:44:35', 0, 1235, 2027, 0, 0),
(2682, '2018-12-02 16:44:35', 1010, 1234, 2028, 0, 0),
(2683, '2018-12-02 16:44:35', 0, 1234, 2029, 0, 0),
(2684, '2018-12-02 16:46:41', 0, 0, 0, 0, 0),
(2685, '2018-12-02 16:46:41', 0, 1233, 2018, 0, 0),
(2686, '2018-12-02 16:46:41', 1020, 1233, 2026, 0, 51870),
(2687, '2018-12-02 16:46:41', 0, 1235, 2027, 0, 0),
(2688, '2018-12-02 16:46:41', 1010, 1234, 2028, 0, 0),
(2689, '2018-12-02 16:46:41', 0, 1234, 2029, 0, 0),
(2690, '2018-12-02 16:49:05', 0, 0, 0, 0, 0),
(2691, '2018-12-02 16:49:05', 0, 1233, 2018, 0, 0),
(2692, '2018-12-02 16:49:05', 1020, 1233, 2026, 0, 51870),
(2693, '2018-12-02 16:49:05', 0, 1235, 2027, 0, 0),
(2694, '2018-12-02 16:49:05', 1010, 1234, 2028, 0, 0),
(2695, '2018-12-02 16:49:05', 0, 1234, 2029, 0, 0),
(2696, '2018-12-02 16:50:15', 0, 0, 0, 0, 0),
(2697, '2018-12-02 16:50:15', 0, 1233, 2018, 0, 0),
(2698, '2018-12-02 16:50:15', 1020, 1233, 2026, 0, 51870),
(2699, '2018-12-02 16:50:15', 0, 1235, 2027, 0, 0),
(2700, '2018-12-02 16:50:15', 1010, 1234, 2028, 0, 0),
(2701, '2018-12-02 16:50:15', 0, 1234, 2029, 0, 0),
(2702, '2018-12-02 16:54:39', 0, 0, 0, 0, 0),
(2703, '2018-12-02 16:54:39', 0, 1233, 2018, 0, 0),
(2704, '2018-12-02 16:54:39', 1021, 1233, 2026, 0, 51870),
(2705, '2018-12-02 16:54:39', 0, 1235, 2027, 0, 0),
(2706, '2018-12-02 16:54:39', 1010, 1234, 2028, 0, 0),
(2707, '2018-12-02 16:54:39', 0, 1234, 2029, 0, 0),
(2708, '2018-12-02 16:56:30', 0, 0, 0, 0, 0),
(2709, '2018-12-02 16:56:30', 0, 1233, 2018, 0, 0),
(2710, '2018-12-02 16:56:30', 1021, 1233, 2026, 0, 51870),
(2711, '2018-12-02 16:56:30', 0, 1235, 2027, 0, 0),
(2712, '2018-12-02 16:56:30', 1010, 1234, 2028, 0, 0),
(2713, '2018-12-02 16:56:30', 0, 1234, 2029, 0, 0),
(2714, '2018-12-02 17:09:27', 0, 0, 0, 0, 0),
(2715, '2018-12-02 17:09:27', 0, 1233, 2018, 0, 0),
(2716, '2018-12-02 17:09:27', 1021, 1233, 2026, 0, 51870),
(2717, '2018-12-02 17:09:27', 0, 1235, 2027, 0, 0),
(2718, '2018-12-02 17:09:27', 1010, 1234, 2028, 0, 0),
(2719, '2018-12-02 17:09:27', 0, 1234, 2029, 0, 0),
(2720, '2018-12-02 17:16:44', 0, 0, 0, 0, 0),
(2721, '2018-12-02 17:16:44', 0, 1233, 2018, 0, 0),
(2722, '2018-12-02 17:16:44', 1021, 1233, 2026, 0, 51870),
(2723, '2018-12-02 17:16:44', 0, 1235, 2027, 0, 0),
(2724, '2018-12-02 17:16:44', 1010, 1234, 2028, 0, 0),
(2725, '2018-12-02 17:16:44', 0, 1234, 2029, 0, 0),
(2726, '2018-12-02 17:17:57', 0, 0, 0, 0, 0),
(2727, '2018-12-02 17:17:57', 0, 1233, 2018, 0, 0),
(2728, '2018-12-02 17:17:57', 1021, 1233, 2026, 0, 51870),
(2729, '2018-12-02 17:17:57', 0, 1235, 2027, 0, 0),
(2730, '2018-12-02 17:17:57', 1010, 1234, 2028, 0, 0),
(2731, '2018-12-02 17:17:57', 0, 1234, 2029, 0, 0),
(2732, '2018-12-08 13:52:52', 0, 0, 0, 0, 0),
(2733, '2018-12-08 13:52:52', 0, 1233, 2018, 0, 0),
(2734, '2018-12-08 13:52:52', 1021, 1233, 2026, 0, 25935),
(2735, '2018-12-08 13:52:52', 0, 1235, 2027, 0, 0),
(2736, '2018-12-08 13:52:52', 1010, 1234, 2028, 0, 0),
(2737, '2018-12-08 13:52:52', 0, 1234, 2029, 0, 0),
(2738, '2018-12-08 13:53:35', 0, 0, 0, 0, 0),
(2739, '2018-12-08 13:53:35', 0, 1233, 2018, 0, 0),
(2740, '2018-12-08 13:53:35', 1021, 1233, 2026, 0, 51870),
(2741, '2018-12-08 13:53:35', 0, 1235, 2027, 0, 0),
(2742, '2018-12-08 13:53:35', 1010, 1234, 2028, 0, 0),
(2743, '2018-12-08 13:53:35', 0, 1234, 2029, 0, 0),
(2744, '2018-12-09 11:06:24', 0, 0, 0, 0, 0),
(2745, '2018-12-09 11:06:24', 0, 1233, 2018, 0, 0),
(2746, '2018-12-09 11:06:24', 1021, 1233, 2026, 0, 25935),
(2747, '2018-12-09 11:06:24', 0, 1235, 2027, 0, 0),
(2748, '2018-12-09 11:06:24', 1010, 1234, 2028, 0, 0),
(2749, '2018-12-09 11:06:24', 0, 1234, 2029, 0, 0),
(2750, '2018-12-09 11:07:01', 0, 0, 0, 0, 0),
(2751, '2018-12-09 11:07:01', 0, 1233, 2018, 0, 0),
(2752, '2018-12-09 11:07:01', 1021, 1233, 2026, 0, 51870),
(2753, '2018-12-09 11:07:01', 0, 1235, 2027, 0, 0),
(2754, '2018-12-09 11:07:01', 1010, 1234, 2028, 0, 0),
(2755, '2018-12-09 11:07:01', 0, 1234, 2029, 0, 0),
(2756, '2018-12-13 21:23:00', 0, 0, 0, 0, 0),
(2757, '2018-12-13 21:23:00', 0, 1233, 2018, 0, 0),
(2758, '2018-12-13 21:23:00', 1022, 1233, 2026, 0, 51870),
(2759, '2018-12-13 21:23:00', 0, 1235, 2027, 0, 0),
(2760, '2018-12-13 21:23:00', 1010, 1234, 2028, 0, 0),
(2761, '2018-12-13 21:23:00', 0, 1234, 2029, 0, 0),
(2762, '2018-12-13 22:05:41', 0, 0, 0, 0, 0),
(2763, '2018-12-13 22:05:41', 0, 1233, 2018, 0, 0),
(2764, '2018-12-13 22:05:41', 1022, 1233, 2026, 0, 51870),
(2765, '2018-12-13 22:05:41', 0, 1235, 2027, 0, 0),
(2766, '2018-12-13 22:05:41', 1010, 1234, 2028, 0, 0),
(2767, '2018-12-13 22:05:41', 0, 1234, 2029, 0, 0),
(2768, '2018-12-19 09:55:02', 0, 0, 0, 0, 0),
(2769, '2018-12-19 09:55:02', 0, 1233, 2018, 0, 0),
(2770, '2018-12-19 09:55:02', 1022, 1233, 2026, 0, 0),
(2771, '2018-12-19 09:55:02', 0, 1235, 2027, 0, 0),
(2772, '2018-12-19 09:55:02', 1010, 1234, 2028, 0, 0),
(2773, '2018-12-19 09:55:02', 0, 1234, 2029, 0, 0),
(2774, '2018-12-19 10:03:27', 0, 0, 0, 0, 0),
(2775, '2018-12-19 10:03:27', 0, 1233, 2018, 0, 0),
(2776, '2018-12-19 10:03:27', 1022, 1233, 2026, 0, 51870),
(2777, '2018-12-19 10:03:27', 0, 1235, 2027, 0, 0),
(2778, '2018-12-19 10:03:27', 1010, 1234, 2028, 0, 0),
(2779, '2018-12-19 10:03:27', 0, 1234, 2029, 0, 0),
(2780, '2018-12-23 13:56:11', 0, 0, 0, 0, 0),
(2781, '2018-12-23 13:56:11', 0, 1233, 2018, 0, 0),
(2782, '2018-12-23 13:56:11', 0, 1235, 2027, 0, 0),
(2783, '2018-12-23 13:56:11', 1010, 1234, 2028, 0, 0),
(2784, '2018-12-23 13:56:11', 0, 1234, 2029, 0, 0),
(2785, '2018-12-23 16:31:10', 0, 0, 0, 0, 0),
(2786, '2018-12-23 16:31:10', 0, 1233, 2018, 0, 0),
(2787, '2018-12-23 16:31:10', 1022, 1233, 2026, 0, 25935),
(2788, '2018-12-23 16:31:10', 0, 1235, 2027, 0, 0),
(2789, '2018-12-23 16:31:10', 1010, 1234, 2028, 0, 0),
(2790, '2018-12-23 16:31:10', 0, 1234, 2029, 0, 0),
(2791, '2018-12-23 16:31:10', 0, 1234, 2030, 0, 0),
(2792, '2018-12-23 16:31:10', 0, 1234, 2031, 0, 0),
(2793, '2018-12-23 16:31:10', 0, 1234, 2032, 0, 0),
(2794, '2018-12-25 22:20:15', 0, 0, 0, 0, 0),
(2795, '2018-12-25 22:20:15', 0, 1233, 2018, 0, 0),
(2796, '2018-12-25 22:20:15', 1022, 1233, 2026, 0, 0),
(2797, '2018-12-25 22:20:15', 0, 1235, 2027, 0, 0),
(2798, '2018-12-25 22:20:15', 1010, 1234, 2028, 0, 0),
(2799, '2018-12-25 22:20:15', 0, 1234, 2029, 0, 0),
(2800, '2018-12-25 22:20:15', 0, 1234, 2030, 0, 0),
(2801, '2018-12-25 22:20:15', 0, 1234, 2031, 0, 0),
(2802, '2018-12-25 22:20:15', 0, 1234, 2032, 0, 0),
(2803, '2018-12-25 22:23:04', 0, 0, 0, 0, 0),
(2804, '2018-12-25 22:23:04', 0, 1233, 2018, 0, 0),
(2805, '2018-12-25 22:23:04', 1022, 1233, 2026, 0, 54600),
(2806, '2018-12-25 22:23:04', 0, 1235, 2027, 0, 0),
(2807, '2018-12-25 22:23:04', 1010, 1234, 2028, 0, 0),
(2808, '2018-12-25 22:23:04', 0, 1234, 2029, 0, 0),
(2809, '2018-12-25 22:23:04', 0, 1234, 2030, 0, 54600),
(2810, '2018-12-25 22:23:04', 0, 1234, 2031, 0, 0),
(2811, '2018-12-25 22:23:04', 0, 1234, 2032, 0, 0),
(2812, '2018-12-25 22:24:43', 0, 0, 0, 0, 0),
(2813, '2018-12-25 22:24:43', 0, 1233, 2018, 0, 0),
(2814, '2018-12-25 22:24:43', 1022, 1233, 2026, 0, 54600),
(2815, '2018-12-25 22:24:43', 0, 1235, 2027, 0, 0),
(2816, '2018-12-25 22:24:43', 1010, 1234, 2028, 0, 0),
(2817, '2018-12-25 22:24:43', 0, 1234, 2029, 0, 0),
(2818, '2018-12-25 22:24:43', 0, 1234, 2030, 0, 54600),
(2819, '2018-12-25 22:24:43', 0, 1234, 2031, 0, 0),
(2820, '2018-12-25 22:24:43', 0, 1234, 2032, 0, 0),
(2821, '2018-12-25 22:25:42', 0, 0, 0, 0, 0),
(2822, '2018-12-25 22:25:42', 0, 1233, 2018, 0, 0),
(2823, '2018-12-25 22:25:42', 1022, 1233, 2026, 0, 54600),
(2824, '2018-12-25 22:25:42', 0, 1235, 2027, 0, 0),
(2825, '2018-12-25 22:25:42', 1010, 1234, 2028, 0, 0),
(2826, '2018-12-25 22:25:42', 0, 1234, 2029, 0, 0),
(2827, '2018-12-25 22:25:42', 0, 1234, 2030, 0, 54600),
(2828, '2018-12-25 22:25:42', 0, 1234, 2031, 0, 0),
(2829, '2018-12-25 22:25:42', 0, 1234, 2032, 0, 0),
(2830, '2018-12-27 21:43:48', 0, 0, 0, 0, 0),
(2831, '2018-12-27 21:43:48', 0, 1233, 2018, 0, 0),
(2832, '2018-12-27 21:43:48', 1022, 1233, 2026, 0, 54600),
(2833, '2018-12-27 21:43:48', 0, 1235, 2027, 0, 0),
(2834, '2018-12-27 21:43:48', 1010, 1234, 2028, 0, 0),
(2835, '2018-12-27 21:43:48', 0, 1234, 2029, 0, 0),
(2836, '2018-12-27 21:43:48', 0, 1234, 2030, 0, 54600),
(2837, '2018-12-27 21:43:48', 1025, 1234, 2031, 0, 0),
(2838, '2018-12-27 21:43:48', 0, 1234, 2032, 0, 0);

-- --------------------------------------------------------

--
-- Table structure for table `userinfo`
--

CREATE TABLE `userinfo` (
  `id` int(11) NOT NULL,
  `username` varchar(45) COLLATE utf8mb4_unicode_ci NOT NULL,
  `fullname` varchar(45) COLLATE utf8mb4_unicode_ci DEFAULT NULL,
  `address` varchar(250) COLLATE utf8mb4_unicode_ci DEFAULT NULL,
  `email` varchar(45) COLLATE utf8mb4_unicode_ci NOT NULL,
  `phone` int(14) NOT NULL,
  `password` varchar(100) COLLATE utf8mb4_unicode_ci NOT NULL,
  `authority` varchar(45) COLLATE utf8mb4_unicode_ci DEFAULT NULL,
  `enabled` tinyint(4) DEFAULT NULL,
  `joiningDate` datetime DEFAULT NULL,
  `grade_id` int(11) NOT NULL
) ENGINE=InnoDB DEFAULT CHARSET=utf8mb4 COLLATE=utf8mb4_unicode_ci;

--
-- Dumping data for table `userinfo`
--

INSERT INTO `userinfo` (`id`, `username`, `fullname`, `address`, `email`, `phone`, `password`, `authority`, `enabled`, `joiningDate`, `grade_id`) VALUES
(0, '', '', '', '', 0, '', '', 1, '2018-10-08 00:00:00', 0),
(2018, 'cmaa', 'C. M. Abdullah Khan', 'House#10, Road#5,Block#B', 'a.kium.khan@gmail.com', 1717243357, '38f0580c9df36dcbea3574cb6edb172685d78464c45989248b266b8506513097236c6192624cf47e', 'ROLE_ADMIN', 1, '2018-10-08 00:00:00', 1233),
(2026, 'zxcv', 'Anonymous', 'anonymous', 'anonimous@gmail.com', 1717243357, '23a7dece6fe032556bd1730e1fe7b375731c64afd55cbd50d74ca77d66f90bb97abb04d40a909cb9', 'ROLE_EMPLOYEE', 1, '2018-11-15 22:48:55', 1233),
(2027, 'binn', 'Mr Bin', 'House#222, Road#8,Sector#10', 'bin@gmail.com', 1717243357, 'c00397021f486d63447b1be758965e25a043c5a1207e4c2c26bcaf7579b8af9a16fcbe0628bdfe8f', 'ROLE_ACCOUNTANT', 1, '2018-11-15 22:50:16', 1235),
(2028, 'abid1', 'Mr Abid Hossain', 'House#110, Road#3,Sector#7', 'dr_abid_hossain@gmail.com', 1717243357, '701b2c1e63a822b62f6f6d38ff842c8e736be6e5106f3cd989ca45d3aabe80da05fb731d87fdc246', 'ROLE_EMPLOYEE', 1, '2018-11-15 22:50:50', 1234),
(2029, 'cmabdullah', 'Chawdhury Muhammad Abdullah', 'House#23, Road#5,Block#C', 'cmabdullah21@gmail.com', 1717243357, '38f0580c9df36dcbea3574cb6edb172685d78464c45989248b266b8506513097236c6192624cf47e', 'ROLE_EMPLOYEE', 1, '2018-11-16 21:34:28', 1234),
(2030, 'jamil', 'Ahmed Jamil', 'Mirpur 10', 'jamil@yahoo.com', 1723333333, '877ac6bcf79e5848383101ef3fdae29fb136b26e0ee4dfb953334323c5a8f7fd747fd0015a3aa359', 'ROLE_EMPLOYEE', 1, '2018-12-23 14:27:33', 1234),
(2031, 'rabbi', 'Rabbi Ahmed', 'Gulshan 2', 'rabbi@gmail.com', 1722222222, '2c47cd93de2cabdde264f3478c8272861dea33160e19c1a1cd45ebaec0d29b615f4c03b86f926277', 'ROLE_EMPLOYEE', 1, '2018-12-23 14:28:29', 1234),
(2032, 'tanim', 'Tanim Khan', 'Bonosree Rampura', 'tanim@gmail.com', 1717243333, '8c1e4d92d57f5518847382121be8b6ea8a018ed05e659325c53028f2b95f37799ba829a81c556646', 'ROLE_EMPLOYEE', 1, '2018-12-23 14:31:11', 1234),
(2033, 'cmaaa', 'C. M. Abdullah Khan', 'House#10, Road#5,Block#B, Banasree,Rampura,Dhaka-1219, House#10, Road#5,Block#B, Banasree,Rampura,Dhaka-1219', 'a.kium.khan1@gmail.com', 1717243357, '551c79644e6c0182c4a7f774f4eb74f01c4728513500db49f7e8b5471da4bcba3621b7826fbb0662', 'ROLE_ADMIN', 1, '2019-03-02 09:20:11', 1233);

--
-- Indexes for dumped tables
--

--
-- Indexes for table `attendence`
--
ALTER TABLE `attendence`
  ADD PRIMARY KEY (`id`),
  ADD KEY `fk_attendence_userinfo1_idx` (`userinfo_id`);

--
-- Indexes for table `grade`
--
ALTER TABLE `grade`
  ADD PRIMARY KEY (`id`);

--
-- Indexes for table `leaveusers`
--
ALTER TABLE `leaveusers`
  ADD PRIMARY KEY (`id`),
  ADD KEY `fk_leavetest_userinfo1_idx` (`userinfo_id`);

--
-- Indexes for table `loan`
--
ALTER TABLE `loan`
  ADD PRIMARY KEY (`id`),
  ADD KEY `fk_loan_userinfo1_idx` (`userinfo_id`);

--
-- Indexes for table `loanpaiddetails`
--
ALTER TABLE `loanpaiddetails`
  ADD PRIMARY KEY (`id`),
  ADD KEY `fk_loanpaiddetails_loan1_idx` (`loan_id`);

--
-- Indexes for table `salary`
--
ALTER TABLE `salary`
  ADD PRIMARY KEY (`id`),
  ADD KEY `fk_salary_Loan1_idx` (`Loan_id`),
  ADD KEY `fk_salary_grade1_idx` (`grade_id`),
  ADD KEY `fk_salary_userinfo1_idx` (`userinfo_id`),
  ADD KEY `fk_salary_leaveusers1_idx` (`leaveusers_id`);

--
-- Indexes for table `userinfo`
--
ALTER TABLE `userinfo`
  ADD PRIMARY KEY (`id`),
  ADD KEY `fk_userinfo_grade1_idx` (`grade_id`);

--
-- AUTO_INCREMENT for dumped tables
--

--
-- AUTO_INCREMENT for table `attendence`
--
ALTER TABLE `attendence`
  MODIFY `id` int(11) NOT NULL AUTO_INCREMENT, AUTO_INCREMENT=41;

--
-- AUTO_INCREMENT for table `leaveusers`
--
ALTER TABLE `leaveusers`
  MODIFY `id` int(11) NOT NULL AUTO_INCREMENT, AUTO_INCREMENT=61;

--
-- AUTO_INCREMENT for table `loan`
--
ALTER TABLE `loan`
  MODIFY `id` int(11) NOT NULL AUTO_INCREMENT, AUTO_INCREMENT=1026;

--
-- AUTO_INCREMENT for table `loanpaiddetails`
--
ALTER TABLE `loanpaiddetails`
  MODIFY `id` int(11) NOT NULL AUTO_INCREMENT, AUTO_INCREMENT=44584;

--
-- AUTO_INCREMENT for table `salary`
--
ALTER TABLE `salary`
  MODIFY `id` int(11) NOT NULL AUTO_INCREMENT, AUTO_INCREMENT=2839;

--
-- AUTO_INCREMENT for table `userinfo`
--
ALTER TABLE `userinfo`
  MODIFY `id` int(11) NOT NULL AUTO_INCREMENT, AUTO_INCREMENT=2034;

--
-- Constraints for dumped tables
--

--
-- Constraints for table `attendence`
--
ALTER TABLE `attendence`
  ADD CONSTRAINT `fk_attendence_userinfo1` FOREIGN KEY (`userinfo_id`) REFERENCES `userinfo` (`id`);

--
-- Constraints for table `leaveusers`
--
ALTER TABLE `leaveusers`
  ADD CONSTRAINT `fk_leavetest_userinfo1` FOREIGN KEY (`userinfo_id`) REFERENCES `userinfo` (`id`) ON DELETE NO ACTION ON UPDATE NO ACTION;

--
-- Constraints for table `loan`
--
ALTER TABLE `loan`
  ADD CONSTRAINT `fk_loan_userinfo1` FOREIGN KEY (`userinfo_id`) REFERENCES `userinfo` (`id`);

--
-- Constraints for table `loanpaiddetails`
--
ALTER TABLE `loanpaiddetails`
  ADD CONSTRAINT `fk_loanpaiddetails_loan1` FOREIGN KEY (`loan_id`) REFERENCES `loan` (`id`) ON DELETE NO ACTION ON UPDATE NO ACTION;

--
-- Constraints for table `salary`
--
ALTER TABLE `salary`
  ADD CONSTRAINT `fk_salary_Loan1` FOREIGN KEY (`Loan_id`) REFERENCES `loan` (`id`),
  ADD CONSTRAINT `fk_salary_grade1` FOREIGN KEY (`grade_id`) REFERENCES `grade` (`id`),
  ADD CONSTRAINT `fk_salary_leaveusers1` FOREIGN KEY (`leaveusers_id`) REFERENCES `leaveusers` (`id`) ON DELETE NO ACTION ON UPDATE NO ACTION,
  ADD CONSTRAINT `fk_salary_userinfo1` FOREIGN KEY (`userinfo_id`) REFERENCES `userinfo` (`id`);

--
-- Constraints for table `userinfo`
--
ALTER TABLE `userinfo`
  ADD CONSTRAINT `fk_userinfo_grade1` FOREIGN KEY (`grade_id`) REFERENCES `grade` (`id`) ON DELETE NO ACTION ON UPDATE NO ACTION;
COMMIT;

/*!40101 SET CHARACTER_SET_CLIENT=@OLD_CHARACTER_SET_CLIENT */;
/*!40101 SET CHARACTER_SET_RESULTS=@OLD_CHARACTER_SET_RESULTS */;
/*!40101 SET COLLATION_CONNECTION=@OLD_COLLATION_CONNECTION */;
